Index;Keys;Values
0;66CI35;860
1;99IC90;935
2;65NE66;424
3;38ZX53;153
4;29YZ51;822
5;61QS59;876
6;55UJ23;119
7;29HV42;12
8;33YG28;316
9;17SK65;776
10;65FE37;796
11;52IV12;792
12;75DL17;57
13;76JY32;529
14;83OC74;220
15;24BA42;981
16;57BB64;804
17;83FB53;184
18;39VR88;585
19;15HF77;140
20;61JU26;772
21;67TI47;876
22;47NI44;735
23;32ME32;589
24;78NQ64;814
25;53TE57;239
26;29DC26;26
27;41YB96;326
28;39YR89;614
29;86HO11;527
30;23XI66;883
31;70GB32;573
32;26RC89;291
33;78DX55;427
34;32SY23;978
35;53BD24;196
36;20UK48;484
37;51JR49;77
38;37BV66;306
39;69DU53;96
40;87ZO95;167
41;10HB73;433
42;40YA13;784
43;65BE78;583
44;67NX25;644
45;79XV85;671
46;11QP47;947
47;76BA92;444
48;19ZL64;736
49;74HP95;223
50;89PC68;212
51;73NU88;26
52;35CM95;396
53;67IB18;888
54;16CR60;725
55;52BQ62;102
56;79LI81;10
57;92LM83;484
58;34LK17;438
59;38IF69;823
60;80QB67;395
61;27TU66;58
62;70EL35;176
63;63PR73;904
64;65TY32;771
65;45YP96;64
66;56TT78;889
67;71RF23;623
68;80KW79;59
69;96EJ36;425
70;84LR26;955
71;68ZE53;844
72;95ZR57;277
73;47NT17;338
74;35RA96;303
75;71GS92;690
76;34OL82;70
77;45QJ83;218
78;19WT90;742
79;89SN90;772
80;67RQ11;903
81;22BT14;628
82;59CF89;687
83;13BL66;604
84;84JB19;301
85;74HX48;836
86;26VE10;70
87;20JJ50;117
88;22LV82;825
89;70YF29;143
90;89SV39;270
91;97TT41;419
92;68YO18;634
93;31NL30;470
94;84KC22;624
95;26MH52;222
96;99KW31;303
97;75RY84;704
98;20UN12;966
99;29HZ11;337
100;38YL84;578
101;45KO80;257
102;34YS65;953
103;75TM99;320
104;78DB49;883
105;39GG90;320
106;49QB19;596
107;74ZO23;84
108;38ZT92;982
109;19AU79;234
110;24HV93;953
111;93NO91;998
112;41LO55;448
113;33GK27;799
114;20PU23;808
115;24AR73;965
116;17ZM71;737
117;16OR89;176
118;56GY87;180
119;52JQ50;262
120;89MZ13;334
121;76UD21;861
122;60OU82;634
123;70ZY45;896
124;23OD46;559
125;47HM49;318
126;27WD73;778
127;46AF20;846
128;98MG74;390
129;72TV58;780
130;72YV68;414
131;42JP90;158
132;20VN72;30
133;94MF74;254
134;40YF27;336
135;39KU65;700
136;42LA84;514
137;48TY37;150
138;37NK75;154
139;55PB92;555
140;60NZ86;14
141;97BX97;109
142;99KP34;444
143;52FK92;104
144;17UH43;909
145;61PJ11;229
146;22UV45;850
147;47HZ57;534
148;42DG65;182
149;85OB45;531
150;31KN38;684
151;48WW58;431
152;98OE14;84
153;14WI51;96
154;36ZD81;783
155;25JS54;393
156;75DD24;940
157;31LR27;565
158;69GO65;61
159;68PR36;554
160;58LK86;556
161;92ZP88;773
162;28OQ28;469
163;89EF41;68
164;59RA38;899
165;11PC13;165
166;99FZ82;596
167;51WU34;171
168;31LI49;836
169;53NF33;992
170;12BD47;812
171;11SE52;615
172;90NH47;950
173;14UZ38;931
174;52WG16;277
175;49WV43;274
176;65DY43;81
177;80NG80;703
178;48UT50;23
179;46EK25;966
180;79XQ67;151
181;16SK60;178
182;28QK20;8
183;37BH97;980
184;31RP84;512
185;75XP47;326
186;27QU63;450
187;35TX78;791
188;77HM14;477
189;72ND84;701
190;92NK77;407
191;94LF28;217
192;70TJ96;957
193;17XB44;416
194;77KC37;530
195;52IZ89;427
196;34SG91;518
197;67EZ28;456
198;13YV34;987
199;75GB53;521
200;10TN62;599
201;61EO37;272
202;66KM48;125
203;65ZZ96;282
204;22NB41;150
205;79XD68;841
206;82DU65;643
207;14OB82;778
208;47VZ63;743
209;39AK96;177
210;30QS47;625
211;82RF16;175
212;57KY59;813
213;40VQ15;201
214;34XP51;596
215;43WE46;77
216;51GO26;801
217;16AD52;538
218;70EL86;44
219;11ZM85;473
220;41FF58;270
221;89MQ92;804
222;65HQ42;377
223;51HW33;255
224;77CO53;834
225;47OY59;909
226;80OW46;626
227;32UB90;798
228;76DU91;7
229;62ZM19;632
230;64YL80;662
231;44DK34;550
232;86MK40;61
233;23ZD17;541
234;19AR46;708
235;63HF84;233
236;44KV96;943
237;13AH40;468
238;97FL13;989
239;14XD88;52
240;22LS73;324
241;17UR51;544
242;55RL48;584
243;27DZ77;674
244;52TU80;476
245;45VM74;12
246;11PO37;919
247;96WE13;503
248;87XQ76;813
249;49RG50;917
250;32GG29;926
251;43GL32;132
252;22VQ21;931
253;33UN84;311
254;52ZS98;619
255;26YP88;411
256;22JL95;919
257;21BH68;135
258;38KB19;518
259;31VG25;371
260;12OX17;604
262;92HB65;882
263;69YJ63;18
264;96LI71;806
265;50WL27;460
266;24PF17;113
267;90FA92;685
268;31JL70;630
269;74DM99;837
270;27KZ57;339
271;68CC83;954
272;95WO91;528
273;45XX33;315
274;22RV41;525
275;30QF63;145
276;76NU80;252
277;40ZB30;19
278;36XE70;493
279;70VJ31;931
280;60FV24;468
281;62WE68;203
282;51AS15;262
283;76WB23;496
284;99FU96;108
285;64VJ65;426
286;51TZ46;802
287;38QR80;421
288;93BJ86;684
289;21XU65;445
290;11DP53;898
291;83RJ84;959
292;86GU57;663
293;58BQ10;539
294;98QB92;522
295;18WR23;279
296;64TT53;154
297;26UO56;342
298;60GI97;780
299;25GU86;996
300;71UD65;46
301;93KL79;425
302;52FY78;516
303;16ZP65;876
304;74JP78;921
305;92ZZ28;851
306;50WU78;286
307;47YO92;329
308;64NG76;816
309;89DK89;381
310;64KA26;814
311;78OK34;162
312;91EM22;350
313;17QY27;623
314;38JV74;340
315;75GP85;354
316;98CE65;127
317;60QS96;634
318;84OR54;149
319;31TB19;553
320;70XS37;986
321;51XV78;154
322;32DA93;595
323;39RX61;343
324;33BA67;819
325;35AM21;84
326;42CO91;518
327;48AU58;29
328;46JT95;151
329;64VC50;109
330;10PL29;664
331;50LM38;102
332;48FV84;697
333;73AP42;820
334;65AZ56;314
335;93II78;371
336;12RC57;155
337;96BT46;939
338;37WM48;871
339;54HL73;431
340;76FL25;32
341;34LF42;404
342;57SN16;511
343;10QG35;856
344;27FY26;176
345;73CO47;451
346;51LX31;246
347;81SW24;605
348;24EA42;193
349;68OR66;71
350;17CH16;649
351;41MI77;819
352;46DA52;7
353;28IU58;84
354;67XN10;998
355;78YU86;636
356;46EX61;690
357;61CO75;831
358;95RN93;282
359;30RT88;974
360;67ON26;838
361;70LT64;684
362;73JM78;726
363;52CM91;173
364;91BO25;216
365;64MN71;68
366;73HE18;66
367;54XM47;691
368;93VQ98;526
369;49MB52;71
370;51RX82;988
371;35MU59;625
372;76UL42;566
373;68BJ61;532
374;69KX31;832
375;48LG60;535
376;50OC53;321
377;91CW38;149
378;71RN62;502
379;18NP64;945
380;15RQ23;945
381;75CV95;128
382;20SU95;346
383;30ZH88;324
384;79FH95;348
385;97HZ41;514
386;73QV89;636
387;86DD41;879
388;16LO95;88
389;36VN13;507
390;24BX75;135
391;54XM50;169
392;30ZC28;587
393;56HO54;677
394;12MQ56;167
395;91DN50;997
396;97QP28;848
397;76NH11;819
398;68CE79;449
399;71SI76;310
400;83PB47;238
401;89VP17;629
402;98XV22;242
403;27GF70;664
404;49FP27;355
405;28OY41;810
406;74GB17;700
407;54RD24;851
408;87HI51;298
409;15LE62;256
410;88XE89;804
411;36KV27;809
412;34IU34;712
413;81BZ53;867
414;35CY13;798
415;71VB30;863
416;39FN46;728
417;52KD78;288
418;30TK25;478
419;48KE74;581
420;30WU94;296
421;19QM74;38
422;15ZN79;38
423;35DX70;313
424;84WY39;235
425;81QG39;591
426;10PE15;536
427;74ZJ64;680
428;97ZP61;864
429;15VH58;972
430;51GO93;156
431;17QW58;984
432;17QW59;779
433;74VQ49;547
434;82RN87;176
435;68UV62;634
436;16UD95;802
437;48KS96;453
438;30BC37;217
439;62FG35;138
440;55QL28;140
441;65PK94;210
442;59JW23;608
443;49WD67;925
444;66WT76;330
445;22MM31;221
446;84WE86;824
447;42JS28;508
448;75GV69;927
449;29UR52;932
450;36GP17;175
451;76AE95;197
452;16OY96;760
453;52QW22;345
454;68LF79;863
455;79EO85;536
456;91TF28;837
457;74CR78;304
458;34TZ69;885
459;63PH79;574
460;67IR28;307
461;36TK29;216
462;45JZ33;811
463;69FB91;137
464;12ZU80;761
465;30SY17;505
466;77DJ26;66
467;17GU10;509
468;47KW11;246
469;55FO48;607
470;78SD78;434
471;31WF60;599
472;74DU24;343
473;55ZC47;618
474;97DD31;762
475;41GT67;752
476;12TC55;6
477;71MD99;718
478;20DE98;348
479;64XA11;426
480;16RF90;552
481;41TQ90;489
482;85ET86;481
483;93MW87;916
484;63PL89;801
485;31ZF59;205
486;42CB41;273
487;46WB75;709
488;75BS75;587
489;13VR50;749
490;65IT73;524
491;35CF44;714
493;17LV76;81
494;99BW87;895
495;75KB23;236
496;71KT12;864
497;88VM91;802
498;65KJ88;457
499;36AF92;980
500;74LO11;541
501;77UK69;400
502;89SF91;848
503;63MR12;631
504;52NM73;456
505;34LA32;352
506;47HC40;869
507;35CQ94;154
508;65JO84;564
509;50RB84;765
510;87PA53;849
511;93FP63;728
512;83RZ34;725
513;22ZP86;943
514;74CR93;846
515;17YE96;625
516;57CH49;651
517;18UU59;80
518;80OM11;947
519;39BI79;478
520;66RQ16;33
521;15PL52;451
522;36PE20;40
523;93WH69;233
524;60AH72;545
525;56HR35;797
526;32ZS62;955
527;99WF37;294
528;54FY61;815
529;31XM62;251
530;66PR40;285
531;37XS73;768
532;71XR84;10
533;86VH63;334
534;97AX85;711
535;42IK90;324
536;28WF61;955
537;41XD79;8
538;50XT54;786
539;79EW23;635
540;26WD83;930
541;17RR98;790
542;79DZ79;978
543;55EA93;255
544;75YI17;806
545;90CF43;620
546;75BN88;122
547;14QH89;447
548;46BH44;309
549;12SN72;251
550;16ZH36;326
551;24PA44;639
552;38WL97;759
553;42GC25;290
554;28JX64;355
555;92OR16;859
556;92MI29;439
557;79UI47;303
558;28NY27;812
559;73UK36;82
560;59GL43;604
561;51QH55;135
562;64MI73;785
563;17BQ41;79
564;29CA65;720
565;47LQ23;442
566;40OP65;423
567;85VI94;797
568;67YK81;88
569;29VQ90;569
570;26PD34;354
571;45LS65;640
572;69YI49;115
573;51OV88;812
574;27BV99;517
575;63KB21;556
576;49LL12;913
577;64IN86;322
578;71QW27;998
579;63IU75;814
580;18MN33;173
581;47US19;567
582;63XJ36;835
583;30FI66;463
584;89SI18;314
585;99IS10;239
586;29PN23;544
587;21CD43;622
588;33VL71;675
589;69YV52;436
590;56AA16;370
591;88LV56;490
592;45IH51;746
593;71WE34;144
594;64AZ54;686
595;38SN29;106
596;60HT75;247
597;63SL90;781
598;95TX75;560
599;54YO39;856
600;78KH24;296
601;63YE48;122
602;36XQ93;380
603;12QA84;706
604;79AJ16;285
605;55DS46;811
606;95CC97;76
607;65YP85;699
608;14LO94;27
609;51PT16;379
610;87MR86;183
611;87JV74;720
612;86DL57;79
613;85HW54;740
614;57NF57;115
615;23HP42;557
616;31OV92;26
617;84VN25;353
618;53ZL93;941
619;79OZ39;175
620;94VK95;874
621;85GX98;193
622;22JO12;290
623;35DS75;993
624;95OY78;445
625;44XU58;767
626;54NG51;27
627;27AE57;863
628;65LZ72;783
629;64HP35;341
630;95RD59;641
631;15AU34;911
632;44WC59;43
633;76UF31;857
634;72WM85;336
635;66DR74;775
636;34WN11;914
637;14GR54;330
638;86FO76;868
639;58DK56;90
640;63QF17;374
641;54NQ58;100
642;92XZ62;607
643;28DS52;139
644;48RA92;532
645;80TX75;97
646;76JO71;600
647;28MD46;983
648;24DA70;658
650;89PV14;977
651;10YV58;95
652;94EN66;786
653;58AX52;418
654;64OT54;583
655;61JI81;560
656;42JI10;760
657;72SC79;16
658;86RO83;574
659;52XR55;668
660;66PR86;2
661;95XR44;935
662;69JP52;731
663;45IB16;895
664;12DW95;331
665;72EH41;365
666;96LF36;415
667;47LD55;126
668;89DI17;247
669;73JH10;943
670;32PL25;843
671;16MN86;338
672;68WO28;165
673;10HU30;642
674;90BX81;309
675;68CU43;653
676;70DN55;122
677;61OE55;174
678;68FN24;65
679;54KM79;138
680;71BX15;890
681;47GJ71;28
682;24BC69;545
683;43FT46;967
684;96SD71;936
685;15JX14;575
686;19HF99;504
687;17CL86;217
688;19MU92;117
689;96MS13;201
690;60CF78;207
691;91DI60;374
692;16UF14;219
693;38WD14;930
694;46RG81;452
695;62HE68;76
696;63QS38;899
697;18VZ28;59
698;59PN77;6
699;96KQ88;91
700;44ZM12;170
701;98VT48;548
702;34BL47;173
703;26KK83;601
704;31SX70;320
705;79DM77;99
706;30VR49;73
707;49EC51;333
708;16YY49;892
709;11OY43;44
710;80FQ67;402
711;70HU30;407
712;49AJ35;510
713;11XG66;785
714;18KH48;950
715;40JX70;220
716;81JE95;251
717;62VP29;454
718;45YO22;919
719;90HW86;683
720;30ND96;145
721;92AN67;676
722;47FU40;43
723;74KK68;603
724;51QB54;766
725;94FZ46;241
726;46XE98;883
727;13YU75;392
728;52EL30;72
729;69IP72;231
730;87FA80;786
731;63OC31;776
732;34UK30;205
733;85JY23;654
734;11TL85;791
735;73YX58;121
736;91LT77;344
737;34NB29;180
738;10DT94;982
739;72RC36;393
740;33FP46;189
741;81EO75;459
742;40ZX62;383
743;11KV58;730
744;71TN28;106
745;76JW45;344
746;94ZX61;497
747;30DN88;434
748;70QE86;337
749;95BX46;396
750;54IE25;929
751;26MA54;303
752;32TO91;317
753;25MJ12;573
754;93AF10;166
755;31QC10;856
756;59AP78;417
757;18IR34;822
758;91VY10;911
759;61DM87;538
760;67UZ64;877
761;90KU37;714
762;47TD84;381
763;60NF34;408
764;35OS57;823
765;90QD69;426
766;26FB82;202
767;16TT11;841
768;80BM23;570
769;51RR16;69
770;20FE18;362
771;77GI99;847
772;91DU98;1
773;40EW65;405
774;23NZ70;406
775;70SZ94;982
776;49EC78;916
777;81XN64;655
778;83NF92;605
779;52WE22;866
780;70XG99;617
781;87PE65;36
782;60ZW33;530
783;90VW53;549
784;55FU87;8
785;94VF86;780
786;39XA90;215
787;79ID53;459
788;12MC19;227
789;23JG52;380
790;53ZO29;339
791;77WL22;374
792;21BV38;757
793;44BO60;630
794;23PQ17;703
795;44FA62;660
796;79BZ20;349
797;44ID79;573
798;52HT12;786
799;42TY66;383
800;42BY94;572
801;67QO10;155
802;54WH57;589
803;61MW28;781
804;69NK74;853
805;29MK19;452
806;52BC40;409
807;35MQ32;537
808;40HO56;181
809;35OG64;793
810;43VO79;636
811;38ZF13;404
812;26JW75;812
813;89TB86;429
814;24AX96;606
815;14WL14;242
816;68HQ52;280
817;81HU54;902
818;56DG42;299
819;51SM38;138
820;59AX38;201
821;62TT79;752
822;73NV24;535
823;71ON97;754
824;99ZG21;527
825;71HJ63;653
826;61TH25;933
827;85DZ97;734
828;28KV32;416
829;72CJ18;412
830;44WJ69;104
831;68UH37;901
832;42XL82;812
833;87TR73;791
834;65HG80;912
835;19QP84;662
836;43DC20;61
837;77KO87;964
838;61II76;27
839;25HG74;238
840;70YY21;551
841;19LG64;311
842;87US16;382
843;88TI86;266
844;41FH38;280
845;26QB44;107
846;39QR18;993
847;78LI47;799
848;66PZ86;315
849;42MV31;562
850;97FJ26;935
851;36YB50;793
852;12AR77;160
853;46TG37;191
854;36NK91;188
855;17WW41;392
856;83CW63;926
857;95NX14;866
858;83QH11;920
859;65VM12;468
860;26BQ30;389
861;16UL93;299
862;12BD45;988
863;59ZF76;353
864;88MB58;376
865;29SO67;142
866;82LZ71;469
867;26GQ41;649
868;44LJ53;657
869;48GO78;553
870;52DH97;711
871;59WI58;734
872;60RS22;825
873;70JN11;396
874;35BX82;343
875;48GP42;496
876;99MD92;541
877;59VZ41;434
878;88YH98;550
879;79GV36;986
880;74DP90;766
881;54ZA32;723
882;79NL92;328
883;63EW77;925
884;54GA19;512
885;45LT13;843
886;89DU51;299
887;66FE73;803
888;37XC58;965
889;42VA35;147
890;69IX66;350
891;89LW32;229
892;11NK50;705
893;75BP27;677
894;78GJ39;427
895;92OT88;239
896;89VZ65;131
897;91JL50;896
898;99BF82;453
899;68OC52;590
900;82HZ55;953
901;99FM68;240
902;30ST91;254
903;75CO12;992
904;88KG26;545
905;84LK46;609
906;22TG32;302
907;21HV39;24
908;19GN52;433
909;15XO51;353
910;30GM65;590
911;48GR88;881
912;22PR52;922
913;98JI53;279
914;11OP60;811
915;34PJ66;441
916;99ER69;636
917;31SA12;558
918;32CD97;673
919;47LT15;238
920;33IT78;92
921;86WD89;92
922;65JY48;591
923;88QZ68;439
924;54OV53;100
925;30UC13;795
926;82CS40;480
927;79JG40;307
928;30SX40;483
929;43TZ15;486
930;82PJ69;27
931;78DY34;866
932;43VH87;16
933;91PC31;971
934;15NY54;989
935;66MG29;240
936;56YV71;278
937;94KV29;947
938;19LP87;254
939;18RZ74;578
940;36JD61;393
941;11HB36;494
942;87AH62;525
943;60IE67;150
944;98QF95;186
945;99EE70;556
946;46SG19;847
947;49GU45;402
948;37KG26;528
949;95RL27;839
950;96IX82;59
951;40CK49;280
952;45LV63;809
953;28WG69;40
954;39NB37;667
955;58LB17;688
956;67OA18;236
957;22JC28;562
958;11DC72;566
959;18EE90;715
960;65SG85;848
961;99LD52;740
962;22NP80;866
963;55RS60;727
964;58BO40;508
965;56SM88;456
966;58TN63;479
967;59BN25;789
968;88KD32;297
969;14CP23;269
970;71YX49;412
971;81LP36;791
972;25KM20;672
973;28GV47;504
974;16GC44;304
975;72IO93;747
976;65CN71;138
977;35PI68;357
978;54IQ21;17
979;51OG65;402
980;67CL39;455
981;74WP72;964
982;50ZM80;175
983;11SF77;65
984;20BM61;388
985;13LQ84;811
986;20KL74;976
987;92FJ75;263
988;72EC47;447
989;20NP16;532
990;59GD94;429
991;99YS37;192
992;27SQ89;72
993;45ZF82;59
994;59AL38;566
995;40KV44;693
996;52XO45;638
997;31OW10;625
998;88TY75;145
999;94DQ41;769
1000;34MT19;27
1001;13ZV54;881
1002;52EL67;51
1003;35GB24;563
1004;14EK88;666
1005;91QX68;241
1006;21YT16;232
1007;80LW93;49
1008;82CS65;756
1009;58CW64;267
1010;82AE97;886
1011;30WP27;302
1012;15NG14;70
1013;71GG83;775
1014;58HU59;589
1015;96QG15;939
1016;38KJ59;23
1017;76CS93;240
1018;65HW91;353
1019;15GF62;653
1020;67DG51;115
1021;47SK82;988
1022;63IO36;441
1023;46XL57;882
1024;92SW54;324
1025;62DB29;919
1026;67SR79;338
1027;40XP49;740
1028;11BL86;156
1029;36VL33;63
1030;35FN80;915
1031;32SM31;624
1032;63SE77;125
1033;82GI81;922
1034;83NN53;949
1035;56IA66;465
1036;65BF89;293
1037;14NP79;902
1038;23NG43;360
1039;10JA34;664
1040;19EB87;330
1041;68RB47;322
1042;21QJ52;671
1043;17QH64;207
1044;12DJ43;663
1045;84HM84;281
1046;50FA59;160
1047;63IV94;888
1048;15KN70;136
1049;18VH73;603
1050;29AX95;192
1051;95HO47;294
1052;54HD35;355
1053;91WE38;0
1054;81XV90;294
1055;93JJ67;784
1056;47NE86;217
1057;84MX87;938
1058;51JS67;279
1059;53OV59;265
1060;50TL12;578
1061;73KX88;754
1062;77JQ65;607
1063;52IW40;932
1064;80KW48;532
1065;12ZW94;95
1066;88UY47;34
1067;43XO96;325
1068;22AC46;786
1069;24YN13;284
1070;94EE10;816
1071;61VG32;326
1072;26RR62;398
1073;81IF18;887
1074;33YV95;818
1075;35WU76;451
1076;40FU41;25
1077;79OT47;386
1078;90UC55;206
1079;14BU56;491
1080;46JZ13;245
1081;41PH79;374
1082;42UQ26;479
1083;56HC29;212
1084;35DR82;713
1085;14KF28;680
1086;53IJ38;996
1087;68QN66;983
1088;31FS63;566
1089;62VH67;142
1090;48SR29;425
1091;50LW23;471
1092;91VG58;584
1093;11YK50;312
1094;15DM83;284
1095;50FN73;218
1096;94OE21;123
1097;64YI78;609
1098;99UN72;152
1099;12XQ37;94
1100;86QE31;662
1101;11MX57;135
1102;83NR18;793
1103;18YJ47;877
1104;81RM77;448
1105;51AY30;852
1106;35JM78;490
1107;76YK53;814
1108;91LQ21;920
1109;64OR15;35
1110;37TZ95;324
1111;13FK58;5
1112;39SQ40;129
1113;69AY93;127
1114;46PI54;365
1115;27JE10;508
1116;21BG22;986
1117;42YI41;953
1118;64XZ75;108
1119;55IE54;415
1120;88UA84;802
1121;45YY66;802
1122;45EM74;469
1123;45EB56;313
1124;47WT19;467
1125;41YQ17;247
1126;69OL42;401
1127;27KM22;858
1128;69JN81;835
1129;82WE67;971
1130;13HY14;525
1131;98UO53;800
1132;41TJ52;310
1133;75ZA17;181
1134;90LO37;590
1135;15MW12;562
1136;57SG58;717
1137;78DT97;833
1138;66XB75;517
1139;90UE26;798
1140;57TY55;496
1141;80FV41;742
1142;42WN78;564
1143;64SK49;991
1144;55UT12;358
1145;13YD93;916
1146;41PX88;94
1147;44TL61;288
1148;15JA38;362
1149;52DG18;371
1150;34FE19;853
1151;80NE72;766
1152;62UK39;427
1153;57SO96;986
1154;42UD49;803
1155;69ST97;11
1156;28NG92;623
1157;57RL23;361
1158;63YP62;273
1159;75GS30;610
1160;84WX65;651
1161;60OD42;987
1162;21LV96;989
1163;78FO75;459
1164;56XD14;782
1165;77UV99;956
1166;59MO27;267
1167;52EW11;88
1168;87GG45;74
1169;72ID61;536
1170;24WC99;697
1171;99KB96;720
1172;90IM92;783
1173;74HL84;784
1174;74AP60;103
1175;13KM60;84
1176;23VV42;473
1177;77IX40;336
1178;14GC78;420
1179;33BX34;35
1180;24VJ60;759
1181;87RN97;189
1182;12WT51;868
1183;11DV96;507
1184;65JH50;396
1185;68QB14;694
1186;53OZ34;883
1187;66DP69;667
1188;37RY27;236
1189;71ZB37;957
1190;20QK32;82
1191;68EA92;18
1192;82AE74;810
1193;85GV92;758
1194;72UY18;968
1195;58OO67;80
1196;78KX97;327
1197;74FV80;337
1198;47ZR58;538
1199;41LX35;158
1200;70DM24;825
1201;45VI16;248
1202;34QG51;389
1203;57UJ55;558
1204;38PS80;656
1205;59NS95;999
1206;33BX40;531
1207;65LG98;208
1208;84KK77;16
1209;63SU77;698
1210;66DS58;627
1211;40WQ52;790
1212;25WW27;628
1213;29YA24;430
1214;73OD25;908
1215;68ZP90;540
1216;25PU44;147
1217;34AT81;29
1218;80MO28;342
1219;84AU83;476
1220;65KE62;540
1221;92TU59;513
1222;75SI31;609
1223;16RT26;792
1224;85SD62;274
1225;58SS31;242
1226;87HM70;718
1227;26CL74;159
1228;12CZ88;895
1229;88CM25;921
1230;32WA56;775
1231;90CW26;798
1232;95BV40;199
1233;85DF28;925
1234;78MY36;481
1235;44ES25;494
1236;52FY80;646
1237;72AR45;503
1238;18HL73;937
1239;32PW23;457
1240;54HV72;867
1241;50SD67;757
1242;62MO95;705
1243;58TK56;529
1244;92RM66;824
1245;44NO92;295
1246;82OI20;168
1247;78LN51;653
1248;98VR38;46
1249;42BS39;879
1250;35MO32;924
1251;29ZV48;234
1252;62MD89;691
1253;95OM33;601
1254;87GT75;491
1255;42VL87;60
1256;55IS39;1
1257;66ZZ85;908
1258;57BD74;425
1259;45KE11;43
1260;20XZ26;619
1261;18SC19;281
1262;91RF34;786
1263;74MH21;682
1264;24IB29;465
1265;94JL33;291
1266;26ZY65;70
1267;98JG26;129
1268;92SC14;225
1269;26XQ37;506
1270;65OD46;489
1271;61HK35;521
1272;41UZ46;876
1273;99VI86;802
1274;20IX43;226
1275;28KS91;393
1276;71IV52;107
1277;11RV76;818
1278;11XS95;374
1279;20WR24;938
1280;51HF50;811
1281;17VI24;590
1282;48IP32;604
1283;62ZI25;293
1284;35CH27;960
1285;62VS88;982
1286;96AE96;896
1287;71ZP57;182
1288;71DT53;194
1289;74AZ65;308
1290;56VF61;263
1291;28BA75;904
1292;79GQ84;545
1293;15JJ23;888
1294;33NX73;642
1295;67OB14;605
1296;86EM31;385
1297;33OA14;574
1298;83ZO60;982
1299;61HY36;858
1300;44JK32;975
1301;86EA51;393
1302;69KZ55;102
1303;99GF11;767
1304;61DK75;10
1305;90PG65;181
1306;77XW32;161
1307;30VT54;959
1308;89QO45;348
1309;19NJ23;502
1310;19LE85;948
1311;29VJ76;435
1312;59QT92;921
1313;65HE81;576
1314;25CO60;738
1315;93IW83;207
1316;44AC13;155
1317;37AD57;139
1318;41EV71;646
1319;25JZ38;279
1320;89LS84;862
1321;22CI14;137
1322;13NW64;583
1323;67FX66;376
1324;17FF31;921
1325;40OF75;150
1326;83EJ84;463
1327;41QW80;125
1328;43BL43;674
1329;31SE63;895
1330;13AY30;754
1331;83WO11;715
1332;35IZ81;933
1333;57KU45;576
1334;37OO13;560
1335;16CM66;217
1336;42UC33;460
1337;68GY92;707
1338;46PT28;791
1339;54WO47;512
1340;56CO83;98
1341;84RJ92;632
1342;33TB44;181
1343;33YR31;928
1344;59UU62;981
1345;25WM68;850
1346;63YX96;403
1347;60EN75;347
1348;74ZC72;855
1349;52DD40;686
1350;71XF39;832
1351;51EK43;997
1352;98GU69;63
1353;82JM10;990
1354;20TF59;905
1355;48RQ99;960
1356;23DP10;149
1357;87JZ60;85
1358;23RF27;810
1359;30UU68;744
1360;13CG42;635
1361;85GY24;234
1362;85GD80;552
1363;20XM59;143
1364;97YL47;405
1365;33BX94;610
1366;76FU80;418
1367;66PX69;713
1368;85AH51;404
1369;76SF89;210
1370;78OE76;294
1371;66DR93;760
1372;64EC40;239
1373;96PT54;150
1374;99WY62;757
1375;90EJ10;970
1376;46JS50;986
1377;53DH98;499
1378;13BG75;205
1379;53QX44;884
1380;88DC16;897
1381;47ZR64;667
1382;59HN25;929
1383;82AS58;978
1384;72MZ82;989
1385;67XV97;869
1386;93QD85;69
1387;52NI89;658
1388;73GJ85;113
1389;43JS49;801
1390;27NI76;443
1391;87ZF95;92
1392;36GB45;261
1393;14YE10;406
1394;66CL65;51
1395;23AY72;118
1396;70KL60;932
1397;38AP63;210
1398;16HD65;283
1399;99LT72;713
1400;86GC79;404
1401;49QX87;937
1402;49PI24;861
1403;13OO88;269
1404;38PN85;545
1405;26JI98;167
1406;24RJ84;421
1407;94UQ33;950
1408;13OI22;528
1409;18OY91;258
1410;28QC64;58
1411;21QH12;960
1412;83ZB85;882
1413;98QO68;614
1414;55GF72;345
1415;73MY25;687
1416;29NI93;999
1417;96RI41;732
1418;46EY99;531
1419;90KW32;597
1420;23JV12;272
1421;45KA36;251
1422;69TN49;796
1423;71FD50;56
1424;69NJ78;489
1425;17OU56;330
1426;17YJ24;572
1427;37WI23;996
1428;74IC79;113
1429;39RX23;371
1430;97XK72;107
1431;27OP56;427
1432;84GG79;131
1433;71KK58;390
1434;73CQ91;725
1435;50QI59;983
1436;12ZH27;465
1437;32LQ67;884
1438;72VO39;428
1439;45OD22;575
1440;98AK47;114
1441;37FZ63;732
1442;33SO20;157
1443;73UK74;991
1444;81EP94;129
1445;15EU49;222
1446;42KJ27;809
1447;73HE19;893
1448;12FA44;69
1449;91BP65;726
1450;91JJ46;603
1451;76CW16;383
1452;13VJ11;909
1453;63MX70;580
1454;20XM87;181
1455;41EO19;520
1456;85FQ40;46
1457;62WV86;163
1458;16ND49;691
1459;36TK72;215
1460;56FH78;928
1461;97VZ31;420
1462;65AV35;812
1463;80LE18;370
1464;96TO82;211
1465;33HO97;875
1466;26HD31;74
1467;56LH73;303
1468;33JB95;924
1469;39NR14;678
1470;16LX70;715
1471;32PR39;747
1472;71EB34;926
1473;61YW18;735
1474;16LX74;212
1475;67OR32;209
1476;15LY94;11
1477;87SF87;506
1478;73KU35;649
1479;71HM55;856
1480;26DE58;4
1481;40YK56;46
1482;96FV63;431
1483;12LO74;590
1484;42BK52;988
1485;50II90;618
1486;51OX63;340
1487;15TK15;944
1488;26MW81;528
1489;36NC12;169
1490;54DW86;681
1491;78BJ93;465
1492;80VL22;829
1493;96HF48;280
1494;39AO79;145
1495;26RH74;278
1496;93LZ37;277
1497;57GW14;1
1498;66NH95;467
1499;20BX47;261
1500;96TY82;876
1501;31FV72;943
1502;23XM95;151
1503;79GU46;514
1504;13OT96;321
1505;60YQ25;205
1506;16HQ91;841
1507;42OC67;274
1508;88BI98;314
1509;17LO29;552
1510;75SF49;367
1511;43FZ66;359
1512;78QY14;32
1513;99TP12;635
1514;22NV13;643
1515;66SD64;421
1516;60OG35;63
1517;11BU32;319
1518;85WM36;483
1519;78WV18;745
1520;84UR44;664
1521;63JH13;432
1522;48QW91;256
1523;61NP79;576
1524;29DB67;720
1525;36SK28;625
1526;43EC32;390
1527;85NX51;414
1528;99FX82;530
1529;46JU99;897
1530;73GO79;42
1531;63IZ16;711
1532;60KP50;548
1533;67VK43;208
1534;23HV95;474
1535;85XH46;400
1536;97XL31;336
1537;73QR84;96
1538;38UW94;807
1539;14KM64;966
1540;94KG81;258
1541;10VU29;114
1542;58NJ87;477
1543;95MD11;727
1544;66GQ71;450
1545;12IL92;657
1546;81XJ77;103
1547;41ZI98;287
1548;55TG74;208
1549;83KY65;950
1550;37YY24;600
1551;51IV31;548
1552;29RD45;622
1553;22ET33;465
1554;45FY42;508
1555;36WJ85;190
1556;81ER64;80
1557;30JP79;945
1558;74HO86;379
1559;76SQ19;9
1560;51ZW69;180
1561;45VD86;363
1562;33XC75;679
1563;50OO95;196
1564;31AH65;534
1565;93PL14;828
1566;84QE39;699
1567;25AC24;167
1568;35HZ52;858
1569;64XD72;851
1570;71HR52;864
1571;20YC65;366
1572;40VG69;704
1573;84UO32;944
1574;13YQ77;281
1575;83EZ61;733
1576;27SJ26;991
1577;42CK25;144
1578;85NK83;339
1579;98BF95;281
1580;82GD92;131
1581;87XK83;361
1582;31YH78;9
1583;45MB81;975
1584;66TS77;326
1585;10QS11;761
1586;67TS13;233
1587;72KJ89;131
1588;35BQ65;931
1589;50SG53;708
1590;71QJ14;607
1591;48XD29;245
1592;73IK38;623
1593;84VS73;166
1594;60UP92;88
1595;49RL70;482
1596;66ZV51;33
1597;24YX62;794
1598;24RR88;688
1599;25RX62;621
1600;35AI16;885
1601;44NS55;539
1602;97XL55;597
1603;42TE36;639
1604;85ID42;358
1605;75XS90;483
1606;20RF89;718
1607;83HG69;466
1608;67IN20;658
1609;47QN16;894
1610;93IZ58;919
1611;62AR31;725
1612;67DQ23;907
1613;30OP13;27
1614;48JZ85;826
1615;18BW46;138
1616;59QJ69;656
1617;55LU59;270
1618;37BB31;591
1619;69SY55;110
1620;65KN13;486
1621;29MV96;177
1622;20BX86;847
1623;56QK59;567
1624;69UQ56;31
1625;49KB54;333
1626;99TM39;458
1627;66JJ50;746
1628;69JH94;801
1629;93HR56;136
1630;61KI85;112
1631;88EY10;975
1632;80AM88;317
1633;77RV45;457
1634;94NS96;284
1635;81YJ38;851
1636;39GQ51;747
1637;24QW92;203
1638;77CL78;28
1639;14HC64;453
1640;83RN89;188
1641;29NY47;333
1642;20QM99;33
1643;10YU15;279
1644;96JK28;418
1645;23UL70;142
1646;54VF72;292
1647;19KH71;369
1648;25CS63;905
1649;72RD95;450
1650;59NY61;721
1651;91VR61;905
1652;30QJ75;941
1653;38MF21;677
1654;41PV72;556
1655;74PI47;490
1656;72EI12;814
1657;58ZY46;168
1658;23OE73;822
1659;47UT52;991
1660;42WA33;925
1661;24LV74;797
1662;41CY72;416
1663;79ED79;35
1664;71GK84;54
1665;57IH15;472
1666;58AM18;690
1667;33DL14;939
1668;43TW15;217
1669;54QA53;998
1670;17SV92;904
1671;77XJ21;243
1672;76VC95;464
1673;76EU71;960
1674;87EO72;458
1675;39NI19;306
1676;41ZD74;110
1677;40NR92;82
1678;17MZ65;694
1679;70DD78;8
1680;99TV82;652
1681;60MG12;725
1682;93RO61;311
1683;28UY52;650
1684;74CS94;838
1685;44KU69;60
1686;45YL75;278
1687;86TN54;272
1688;99AR47;333
1689;70SI13;456
1690;36OK87;597
1691;71XN87;993
1692;37RU85;363
1693;90NZ13;860
1694;46NQ49;765
1695;91MF84;211
1696;87QT86;628
1697;48FP75;465
1698;18SA60;470
1699;79CN38;268
1700;12YH40;787
1701;57UP50;423
1702;82AS16;974
1703;47AM80;713
1704;59QP26;956
1705;60MY29;568
1706;10RN79;769
1707;57NI57;543
1708;32KY25;183
1709;14ON34;847
1710;65FT81;550
1711;22AX81;474
1712;59EJ94;734
1713;20VT27;276
1714;22QO19;414
1715;75LJ10;103
1716;83JB67;487
1717;36CX92;252
1718;68GB32;638
1719;65TR42;640
1720;51KG33;176
1721;42UH73;696
1722;23BI80;238
1723;84LU33;267
1724;14CV59;305
1725;39VZ14;887
1726;46DR86;246
1727;69IS86;410
1728;87ND14;748
1729;88YP43;957
1730;33CK51;596
1731;55UE14;264
1732;22CL21;319
1733;67GY60;474
1734;96GG23;620
1735;46QP39;334
1736;50PC51;631
1737;59IM45;342
1738;92JD29;509
1739;43JA92;958
1740;70RN29;476
1741;40VL70;271
1742;92QP35;420
1743;75KM98;332
1744;37DE87;684
1745;19KV11;117
1746;84SP45;177
1747;59OY45;91
1748;73CJ78;73
1749;13MT44;824
1750;26RC92;613
1751;55HB74;668
1752;45OH28;182
1753;96BK69;675
1754;40UX13;511
1755;48BL81;114
1756;53DK94;953
1757;82VV86;808
1758;76BC62;665
1759;66KB24;768
1760;57BA58;248
1761;71HR92;730
1762;75FG20;500
1763;90TC92;521
1764;79PD35;473
1765;35GH20;978
1766;92CB52;921
1767;65RQ28;42
1768;84KE19;263
1769;54SC35;783
1770;44UZ23;236
1771;22RG95;112
1772;35PO76;342
1773;54SC39;387
1774;43HF30;688
1775;70BU14;269
1776;21WB52;329
1777;81NZ26;538
1778;54SP99;197
1779;96CA19;616
1780;64VG96;319
1781;58MO66;527
1782;57RD21;144
1783;49LZ12;828
1784;94VQ97;89
1785;79MF28;780
1786;42UO68;363
1787;85ED87;235
1788;25JR85;155
1789;18LY12;228
1790;24ZU90;852
1791;36VJ91;256
1792;81MR20;501
1793;16MM82;732
1794;34MH39;905
1795;85LS21;362
1796;50GQ35;213
1797;86TC65;870
1798;30AL39;764
1799;65EI75;24
1800;11LZ28;393
1801;55MD65;503
1802;26BE25;844
1803;58HL37;378
1804;89HU88;44
1805;23JB62;227
1806;81IQ41;736
1807;84BL58;300
1808;29UV91;146
1809;96JO62;593
1810;42WP15;939
1811;62MF73;995
1812;82OF81;38
1813;89BG61;693
1814;56OZ57;301
1815;18CJ30;204
1816;19QS50;384
1817;91YU49;203
1818;58FB21;154
1819;17XM40;125
1820;43FP35;466
1821;24GP39;627
1822;46UB90;12
1823;62ZW97;943
1824;93BI83;636
1825;28YG23;762
1826;99YI18;120
1827;65DW45;811
1828;59JL66;825
1829;99IY70;841
1830;97FX31;529
1831;68UH17;450
1832;31PN24;868
1833;94GJ58;269
1834;77IQ82;492
1835;40ZU22;20
1836;55HW41;841
1837;87XN40;983
1838;44OV76;977
1839;86BC10;305
1840;58ID91;656
1841;48YF59;429
1842;51UD65;354
1843;96YC91;525
1844;77BC87;471
1845;25YJ21;539
1846;59TC90;747
1847;51ME21;210
1848;89OW21;274
1849;77KR79;417
1850;75SV34;444
1851;96KA26;634
1853;83CX78;463
1854;91JZ53;778
1855;77KE49;632
1856;38XK35;287
1857;24EI49;687
1858;12BO88;634
1859;65OJ47;44
1860;82TN66;619
1861;10LW69;301
1862;61AG27;838
1863;57VK26;47
1864;32ZD90;275
1865;39EX95;440
1866;10IV31;855
1867;78AY46;634
1868;82RR57;141
1869;65OO53;137
1870;46UC79;88
1871;81JL91;301
1872;76US90;796
1873;56PC12;135
1874;28QM65;550
1875;94LR75;339
1876;82SZ65;774
1877;67NI16;900
1878;50ZC68;591
1879;43UO46;455
1880;33WH76;152
1881;36DI27;358
1882;78VJ31;284
1883;79EG14;233
1884;71CQ71;350
1885;71TP65;545
1886;11NY69;533
1887;34DK69;428
1888;29AY56;501
1889;65DW65;853
1890;20UZ29;608
1891;38KQ11;794
1892;25BS77;245
1893;88UB22;892
1894;40DV42;575
1895;59WE99;888
1896;18TF29;607
1897;76PF10;126
1898;98BI73;963
1899;79UH63;262
1900;36OL31;92
1901;71MQ94;403
1902;18BB54;354
1903;16QW51;919
1904;40ZU49;534
1905;87OG17;34
1906;85OV84;741
1907;41PB95;215
1908;67WN77;425
1909;84DM19;208
1910;90CI74;132
1911;57EW45;943
1912;12AQ38;815
1913;13YE30;518
1914;96UE30;542
1915;61HX48;309
1916;18RQ49;954
1917;38SB24;218
1918;53SG74;188
1919;51NM51;223
1920;10BB74;772
1921;43OE59;458
1922;94UC30;152
1923;89VV20;326
1924;58WW96;145
1925;16NY45;727
1926;25UC57;942
1927;61VZ66;757
1928;38HM24;996
1929;98KH69;881
1930;97TI14;135
1931;40YC38;865
1932;20PQ70;231
1933;37FE93;720
1934;71UV50;599
1935;48RX55;87
1936;56XE50;442
1937;66EU34;305
1938;75RA52;671
1939;87VK65;636
1940;35CG87;572
1941;55LC97;347
1942;92RS40;421
1943;76BG10;230
1944;26JY56;183
1945;14MQ95;632
1946;34HX43;121
1947;35IK90;748
1948;46MU60;332
1949;11XQ15;724
1950;38OL66;884
1951;26BR76;390
1952;94FI68;223
1953;49SG92;817
1954;39HU10;648
1955;60SC70;970
1956;79DH78;344
1957;91RE97;599
1958;66ST89;712
1959;60KI94;817
1960;89GC76;691
1961;99YU13;563
1962;85NW16;888
1963;59PI39;326
1964;23RW46;61
1965;93GZ37;344
1966;26CU22;150
1967;80XK95;682
1968;67DU72;196
1969;29BD37;766
1970;55HI53;576
1971;82AQ88;475
1972;66TP13;180
1973;20ZA77;14
1974;20LK63;975
1975;90UN47;857
1976;95MY95;626
1977;83PD96;807
1978;39AM48;114
1979;67HV15;258
1980;15IL24;880
1981;36GG71;805
1982;97LA44;40
1983;93BY13;854
1984;49BG15;129
1985;18PI74;336
1986;83YD22;461
1987;87EZ55;118
1988;65JA60;921
1989;84AJ68;594
1990;18DZ38;466
1991;84KG46;321
1992;13WL49;459
1993;81EJ49;319
1994;38FC19;701
1995;62GA45;631
1996;19CN13;266
1997;97BA16;301
1998;78RT50;741
1999;85OI84;451
2000;54NW22;946
2001;40XE62;212
2002;78YB55;712
2003;61LC92;992
2004;21BB54;448
2005;30RP79;319
2006;77QI97;467
2007;74FW34;406
2008;94NC62;517
2009;80SW81;726
2010;60EO46;170
2011;22IP84;90
2012;48MG26;714
2013;31FD61;679
2014;77BK27;645
2015;70AU24;118
2016;89GX35;39
2017;16ZL75;290
2018;81UU50;183
2019;53GF89;306
2020;87KS96;993
2021;51TD56;227
2022;68OJ68;460
2023;70LK44;486
2024;92QO61;228
2025;92HQ18;257
2026;44TY40;551
2027;35XV61;911
2028;78JU84;946
2029;46ZY99;118
2030;32ZZ21;59
2031;25LX44;695
2032;15LJ86;4
2033;53LX40;695
2034;63NN87;856
2035;64NN66;436
2036;84ZT44;261
2037;47PK87;291
2038;30FC15;209
2039;39DA53;926
2040;31UL73;780
2041;52VF52;339
2042;10GQ34;978
2043;91RT96;214
2044;41HK37;33
2045;27DO34;254
2046;68WK99;409
2047;78VQ58;606
2048;10VO55;742
2049;80PG17;498
2050;63RQ72;974
2051;31TR18;220
2052;81AZ42;734
2053;17GP93;730
2054;36NS75;324
2055;86YZ19;175
2056;74BD27;45
2057;73HI19;967
2058;45SQ21;739
2059;71WR41;813
2060;84VE56;624
2061;56EP63;501
2062;57OT50;888
2063;78NB68;103
2064;94SP29;300
2065;36BY90;977
2066;65BB47;512
2067;34YF72;687
2068;28PQ43;165
2069;73GN17;713
2070;96YF40;921
2071;32NH17;411
2072;34JJ32;242
2073;97VY73;43
2074;76TA34;256
2075;88KR91;96
2076;98BR69;910
2077;19GY16;959
2078;27MV95;31
2079;24MB26;768
2080;69TE13;242
2081;15BK88;934
2082;14QO23;797
2083;33YQ14;890
2084;95XT46;927
2085;95DL52;983
2086;97PP44;951
2087;85HR80;639
2088;61IE62;112
2089;94ZX33;431
2090;23RL14;170
2091;84IX58;650
2092;99KR41;358
2093;41FO37;462
2094;70UT97;916
2095;81NU65;887
2096;76WV53;493
2097;19MA30;686
2098;37BE65;227
2099;15FN76;577
2100;12IE21;461
2101;49JC32;766
2102;77HJ19;775
2103;97YE34;968
2104;35MC93;727
2105;59QW99;908
2106;30WC83;779
2107;96SB83;440
2108;65IA34;144
2109;56BH17;346
2110;46JF95;52
2111;95QM98;503
2112;21QS58;211
2113;93VE78;508
2114;96IE68;448
2115;58BX42;234
2116;51PK67;237
2117;24WY30;760
2118;80OD92;216
2119;46KV42;847
2120;50EU77;239
2121;67KO11;445
2122;17HO56;825
2123;40KR37;882
2124;95PB98;933
2125;11FH36;442
2126;56WQ58;864
2127;97HA98;265
2128;91PX92;953
2129;73PU25;807
2130;18YM56;771
2131;83BK98;507
2132;64PY59;479
2133;23UC92;763
2134;21DX58;949
2135;98NI30;689
2136;96FD74;899
2137;83MX36;646
2138;24IV29;384
2139;13LO35;667
2140;23AP62;131
2141;79CL28;444
2142;15XU85;48
2143;99FI91;960
2144;66JU38;674
2145;17NK93;726
2146;74WI58;925
2147;32RA12;273
2148;98VL14;908
2149;54RC95;319
2150;54LG97;379
2151;92WW13;875
2152;86WB49;35
2153;17TB29;181
2154;35NL20;126
2155;17SC50;794
2156;44KX94;463
2157;45RE99;92
2158;91KV98;958
2159;45CS13;477
2160;54OU32;141
2161;98OY90;317
2162;12OI14;947
2163;46PJ54;553
2164;20HZ44;123
2165;31ES74;977
2166;99LV24;646
2167;55BI51;361
2168;48WT21;767
2169;83RD15;410
2170;70CK81;447
2171;43TM45;100
2172;13OZ61;850
2173;94MF26;721
2174;38PO20;723
2175;16IS37;740
2176;69EH95;512
2177;13RF18;338
2178;89OE65;332
2179;77ZF76;383
2180;69AU67;832
2181;88OK16;184
2182;39CQ42;344
2183;55MU69;763
2184;61UH17;990
2185;39QJ48;252
2186;83NS57;571
2187;45HG14;20
2188;30JI88;609
2189;60VA42;465
2190;99GY55;204
2191;39FG78;987
2192;90FC95;457
2193;88ZP33;853
2194;32GA92;443
2195;62SY79;992
2196;45BC39;596
2197;26AE85;963
2198;13LO52;630
2199;30OE51;151
2200;13FX88;649
2201;79HC72;931
2202;21LN85;167
2203;42OE36;945
2204;47MH49;32
2205;46IF90;606
2206;47LG59;913
2207;24GG58;265
2208;32YR73;376
2209;49WI72;632
2210;23VZ16;250
2211;63AQ68;353
2212;79EU91;958
2213;28MC52;765
2214;60SK99;81
2215;31LS28;560
2216;20YW13;712
2217;83ZF68;241
2218;37TV44;839
2219;80WH68;733
2220;22PC68;247
2221;47KH56;231
2222;58BF10;397
2224;75YH20;749
2225;93XQ20;66
2226;91EN25;799
2227;29FW21;952
2228;45EF98;346
2229;68LV38;56
2230;43ZR90;738
2231;27NT26;29
2232;51CC91;940
2233;54KQ51;395
2234;90VP73;874
2235;26WO90;218
2236;84LX77;875
2237;37FV23;596
2238;73AE39;160
2239;81YK28;245
2240;10PL66;255
2241;51NH94;802
2242;34LL26;105
2243;96GU11;499
2244;29VS17;852
2245;18PH57;851
2246;73ZF24;68
2247;25OX15;274
2248;20OF93;42
2249;59CU13;715
2250;41ZB70;683
2251;41EU28;533
2252;21PS31;813
2253;78OM82;758
2254;50RH45;624
2255;87PW74;665
2256;94OT27;571
2257;16CM62;626
2258;53WT52;224
2259;73PS31;412
2260;68FF86;896
2261;91ET97;961
2262;55LA96;529
2263;71XL81;268
2264;38JX81;483
2265;22QE81;827
2266;37NN62;636
2267;51LZ30;294
2268;26HC44;357
2269;66WB66;110
2270;79XO58;623
2271;43ZZ48;202
2272;89QG60;475
2273;98FR93;882
2274;24IF87;100
2275;74EX58;598
2276;70AC41;984
2277;95MB62;256
2278;38HP12;368
2279;17SW95;577
2280;26RS32;276
2281;13DB52;921
2282;61EO23;876
2283;33IX59;306
2284;14EB84;550
2285;17CU76;926
2286;51HD29;847
2287;70YP54;651
2288;68RK45;768
2289;36LS18;55
2290;64WM68;57
2291;71ZW40;126
2292;36BN89;163
2293;53IV33;904
2294;64ON23;460
2295;19VX27;772
2296;86GD56;837
2297;15DG45;898
2298;52BT90;421
2299;28TZ79;632
2300;36IO97;460
2301;69OF50;961
2302;86AO51;687
2303;26JO46;499
2304;61IX93;771
2305;80FB45;445
2306;22XA51;528
2307;44FR50;138
2308;52QZ53;848
2309;15FC95;98
2310;37CC13;29
2311;25EX63;43
2312;18MW61;282
2313;89DR46;45
2314;90LO44;837
2315;62GD24;227
2316;17MX83;740
2317;18LH21;927
2318;23FG81;760
2319;78UB61;141
2320;83CH33;731
2321;54WS87;49
2322;17IZ18;266
2323;53GO49;975
2324;58CS89;458
2325;56SL26;87
2326;66YV43;344
2327;87ZY65;455
2328;17EY46;576
2329;50YD14;336
2330;57PZ14;17
2331;66RB72;474
2332;77CV67;779
2333;16OJ56;42
2334;31XP85;202
2335;25GC53;335
2336;78QP60;474
2337;95IO23;331
2338;82DX84;856
2339;51DS73;326
2340;43YE24;96
2341;53ZM16;751
2342;55CY59;406
2343;34IJ52;590
2344;13TL18;9
2345;45WR78;516
2346;53GO51;911
2347;81QA62;975
2348;84MW94;212
2349;93DO63;292
2350;61ZQ37;915
2351;70XZ68;239
2352;48MY97;561
2353;50KS71;311
2354;64QT38;649
2355;18EX34;609
2356;58ID93;349
2357;29XB19;144
2358;92RJ53;380
2359;72YS47;661
2360;68ED45;163
2361;68MR13;326
2362;49MV77;467
2363;53NF96;189
2364;75YC40;226
2365;28FW13;272
2366;83AS41;825
2367;44XI42;666
2368;66WS38;931
2369;23AS13;503
2370;85CS97;520
2371;15PJ13;179
2372;68AQ82;749
2373;26BP25;746
2374;86MH19;445
2375;38PB88;343
2376;23RG42;343
2377;42YL46;595
2378;22QO95;644
2379;79BL36;315
2380;26CX32;699
2381;97YZ68;986
2382;93KI64;801
2383;81LM81;725
2384;15WR70;246
2385;78CU60;509
2386;82PE87;683
2387;73AM21;619
2388;33LF77;249
2389;40ZF12;957
2390;63WP11;919
2391;45YW18;242
2392;47IY77;212
2393;64IR24;441
2394;37AR96;898
2395;59MA75;556
2396;12NV25;615
2397;85LD51;397
2398;67WV25;951
2399;69ON23;700
2400;95SF74;352
2401;22GK71;299
2402;60KG22;763
2403;71RL91;939
2404;54CZ97;823
2405;98PF75;127
2406;69OJ63;151
2407;38JB98;539
2408;45UO85;861
2409;81IJ10;701
2410;52SC92;852
2411;68VS88;538
2412;46CJ90;72
2413;84UI45;787
2414;70YR33;125
2415;51OP27;432
2416;60EX29;471
2417;80AQ56;656
2418;52WD59;935
2419;22FU16;51
2420;57ME42;721
2421;28HB92;979
2422;38KA72;469
2423;93RU57;709
2424;58EW29;978
2425;43GH80;109
2426;47ZY73;0
2427;13TD45;910
2428;70KM89;591
2429;80JF41;736
2430;13KV62;589
2431;71EP39;381
2432;74AV33;138
2433;52XL83;934
2434;97BL50;18
2435;73YJ32;570
2436;65KY90;925
2437;79BL52;528
2438;86SY46;621
2439;76OT93;744
2440;50RM84;995
2441;38QA43;469
2442;32BH89;608
2443;54NZ40;570
2444;54ZM42;428
2445;69XC10;56
2446;60TU11;208
2447;41HB16;979
2448;73TY21;854
2449;93AL95;330
2450;44VJ46;710
2451;92JE16;704
2452;30FF25;639
2453;82BO97;706
2454;76VB25;284
2455;87BR40;503
2456;35JL15;520
2457;55SZ57;864
2458;87XU15;605
2459;15HO19;9
2460;67BL49;796
2461;86CF26;210
2462;87FP23;227
2463;90FG74;433
2464;35CZ43;288
2465;91NQ86;882
2466;19WS35;742
2467;59VX69;282
2468;53GF45;971
2469;62US87;347
2470;65NE55;184
2471;69VE81;467
2472;58RM82;371
2473;31YU18;157
2474;44HC50;244
2475;84HL76;851
2476;29PP12;352
2477;32WY22;625
2478;82AB32;57
2479;52BJ28;765
2480;84YE62;227
2481;21JW78;907
2482;92AU63;902
2483;19TU75;130
2484;98IS54;394
2485;85WI77;712
2486;51DU81;304
2487;97NX61;254
2488;75JE65;352
2489;60KB19;163
2490;31GE86;242
2491;70SB21;259
2492;47HG55;594
2493;19SL58;35
2494;53NA74;739
2495;64EL35;841
2496;48WB63;780
2497;52CS80;863
2498;39FL53;733
2499;79MR51;595
